text,label
cuanto fue el pib,value
cual fue el valor del pib,value
dame el dato del pib,value
cual es la cifra del pib,value
cuanto crecio el pib,value
cual fue el crecimiento del pib,value
cuanto aumento el pib,value
resultado del pib,value
dato reciente del pib,value
ultimo dato del pib,value
pib del ultimo periodo,value
pib mas reciente,value
cual fue el pib de 2023,value
cual fue el pib de 2024,value
dame el pib del ano 2022,value
muestrame el pib anual entre 2018 y 2023,value
quiero la serie del pib desde 2010 hasta 2024,value
dame el pib trimestral de 2024,value
cual fue la variacion t t menos 1 del pib,value
dame la variacion respecto al periodo anterior del pib,value
muestrame el crecimiento en el margen del pib,value
cual fue la variacion interanual del pib,value
dame la variacion anual del pib,value
dame el pib por actividad economica,value
muestrame el desglose del pib por actividad,value
quiero las cifras del pib por sector economico,value
dame el detalle por actividad del pib,value
dame la composicion del pib por componentes del gasto,value
muestrame el desglose del pib por gasto,value
quiero las cifras del pib por componentes de gasto,value
cual fue el aporte del consumo al pib,value
dame la contribucion de la inversion al pib,value
cual fue la incidencia por sector en el pib,value
muestrame que actividades aportaron al pib,value
dame la contribucion por actividad al pib,value
cual fue el pib regional de valparaiso,value
dame el pibr de la region metropolitana,value
muestrame la cifra del pibr de antofagasta,value
quiero el valor del pibr para bio bio,value
dame el dato del pibr de o'higgins,value
dame la variacion del pibr por region,value
cual fue el crecimiento del pibr por regiones,value
muestrame el cambio anual del pibr por region,value
quiero las cifras regionales del pib,value
dame el desglose regional del pib,value
cuanto fue el imacec,value
cual fue el valor del imacec,value
dame el dato del imacec,value
cual es la cifra del imacec,value
resultado del imacec,value
numero del imacec,value
valor observado del imacec,value
cuanto marco el imacec,value
nivel del imacec,value
imacec del ultimo mes,value
imacec mas reciente,value
ultimo imacec,value
dame el ultimo dato del imacec,value
necesito la ultima cifra del imacec,value
muestrame el valor mas reciente del imacec,value
cual es el dato mas actual del imacec,value
cual fue el imacec de enero 2024,value
dame el imacec de marzo 2023,value
muestrame la cifra del imacec en julio 2022,value
quiero el dato del imacec de noviembre 2021,value
cual fue el valor del imacec en diciembre 2020,value
cual fue la variacion interanual del imacec,value
dame la variacion anual del imacec,value
cuanto vario el imacec respecto al ano anterior,value
muestrame el crecimiento interanual del imacec,value
dame la variacion mensual del imacec,value
cual fue el cambio mes a mes del imacec,value
muestrame el crecimiento mensual del imacec,value
quiero la aceleracion mensual del imacec,value
dame la variacion en el margen del imacec,value
dame el imacec desestacionalizado mas reciente,value
cual fue el ultimo imacec con ajuste estacional,value
muestrame la cifra del imacec sa,value
quiero el valor del imacec ajustado por estacionalidad,value
dame el dato mas reciente del imacec corregido por estacionalidad,value
dame el imacec original mas reciente,value
cual fue el ultimo imacec sin ajuste estacional,value
muestrame la cifra del imacec nsa,value
quiero el valor del imacec serie original,value
dame el dato mas reciente del imacec sin desestacionalizar,value
cual fue el imacec minero,value
dame el ultimo imacec no minero,value
muestrame la variacion interanual del imacec minero,value
quiero el dato del imacec no minero desestacionalizado,value
cual fue el crecimiento en el margen del imacec no minero,value
muestrame el imacec por actividad economica,value
quiero el desglose del imacec por sectores,value
dame las cifras del imacec por actividad,value
cual fue el imacec por sector economico,value
muestrame el detalle de actividades del imacec,value
cual fue el crecimiento economico,value
cuanto crecio la economia,value
cual fue la variacion economica,value
dato del crecimiento economico,value
resultado del crecimiento economico,value
cifra del crecimiento economico,value
cuanto aumento la economia,value
crecimiento de la actividad economica,value
variacion de la economia,value
actividad economica observada,value
y ahora dame su cifra,value
ahora dame su cifra,value
ahora dame el valor,value
ahora quiero el valor de eso,value
dame la cifra de lo anterior,value
dame el dato de lo anterior,value
dame el valor de lo anterior,value
cual fue el valor de lo anterior,value
cual fue la cifra de eso,value
cual fue el dato de eso,value
y cual fue el resultado,value
y el resultado de eso,value
dame ese numero,value
dame ese valor,value
dame ese dato,value
quiero la lectura de lo anterior,value
dame la lectura mas reciente de eso,value
cual es la lectura mas reciente de lo anterior,value
cual es el ultimo dato de eso,value
cual es la ultima cifra de eso,value
cual fue el ultimo valor de eso,value
dame el dato mas reciente de eso,value
muestrame la cifra mas reciente de eso,value
traeme la ultima lectura de eso,value
y ahora su variacion,value
dame la variacion de eso,value
cual fue la variacion de lo anterior,value
cual fue la variacion mas reciente de eso,value
y la variacion interanual de eso,value
dame la variacion interanual de lo anterior,value
cual fue el cambio interanual de eso,value
y la variacion mensual de eso,value
dame la variacion mensual de lo anterior,value
cual fue el cambio mes a mes de eso,value
y la variacion en el margen de eso,value
dame el crecimiento en el margen de lo anterior,value
dame la variacion respecto al periodo anterior de eso,value
cual fue el crecimiento de eso,value
y cuanto crecio eso,value
dame el crecimiento de lo anterior,value
cual fue el aumento de eso,value
en cuanto aumento eso,value
en cuanto vario eso,value
cuanto marco eso,value
que cifra mostro eso,value
que resultado marco eso,value
que numero registro eso,value
como salio eso,value
como vino eso,value
dame la cifra de ese indicador,value
dame el dato de ese indicador,value
cual fue el valor de ese indicador,value
dame la cifra de esa serie,value
cual fue el resultado de esa serie,value
dame el ultimo dato de esa serie,value
dame la ultima cifra de ese indicador,value
quiero el valor actual de eso,value
quiero el valor mas reciente de eso,value
dame la cifra preliminar de eso,value
y para 2024 cual fue,value
y para 2023 cual fue el valor,value
dame el valor de eso en 2022,value
cual fue la cifra de eso en enero 2024,value
dame el dato de eso para marzo de 2023,value
y en el ultimo mes cuanto fue,value
y en el ultimo trimestre cuanto fue,value
dame el valor de eso en ese periodo,value
dame la serie de lo anterior,value
muestrame la serie de eso,value
quiero los valores de eso,value
dame el desglose de eso por actividad,value
dame el desglose de eso por region,value
y ahora con ajuste estacional dame la cifra,value
y ahora sin ajuste estacional dame la cifra,value
dame la version desestacionalizada de ese dato,value
dame la serie original de ese dato,value
y el mismo dato pero anual,value
y el mismo dato pero trimestral,value
y el mismo dato pero mensual,value
y el mismo dato para el pib,value
y el mismo dato para el imacec,value
dame la cifra por sector economico del pib con serie desestacionalizada del ultimo dato disponible,value
cual fue la variacion interanual del imacec corregido por estacionalidad en noviembre del ano pasado,value
dame la variacion por actividad del pib entre 2022 y 2024 respecto al mismo periodo del ano anterior,value
muestrame como salio servicios personales en el pibr con la informacion mas reciente,value
desglosa la tasa de crecimiento respecto al periodo anterior por actividad del pibr en el segundo trimestre 2023,value
en cuanto se movio a nivel anual el sector servicios inmobiliarios en el pib ajustado estacionalmente en 2025,value
dame la participacion de pesca en el pib en 2018 con frecuencia anual,value
quiero los valores del pib con serie desestacionalizada desagregados por actividad desde 2016 hasta 2022,value
cual fue el ultimo dato de actividad economica de servicios en el imacec sin estacionalidad,value
que es el pib,methodology
cual es la definicion del pib,methodology
que significa el pib,methodology
explica que es el pib,methodology
para que sirve el pib,methodology
que mide el pib,methodology
como se define el pib,methodology
descripcion del pib,methodology
concepto de pib,methodology
explicacion del pib,methodology
como se calcula el pib,methodology
cual es la formula del pib,methodology
metodo de calculo del pib,methodology
como se obtiene el pib,methodology
procedimiento de calculo del pib,methodology
calculo del pib,methodology
como se mide el pib,methodology
metodologia del pib,methodology
criterio de calculo del pib,methodology
base de calculo del pib,methodology
que es el pib nominal,methodology
que es el pib real,methodology
que significa producto interno bruto,methodology
como se interpreta el pib,methodology
que representa el pib en la economia,methodology
que informacion entrega el pib,methodology
que no refleja el pib,methodology
como se calcula el pib real,methodology
como se calcula la variacion interanual del pib,methodology
como se calcula la variacion t t menos 1 del pib,methodology
cual es la formula del crecimiento del pib,methodology
metodologia de calculo del pib trimestral,methodology
como se estima el pib anual,methodology
como se construye la serie del pib,methodology
como se calcula la contribucion al pib,methodology
como se calcula la incidencia sectorial en el pib,methodology
que componentes del gasto incluye el pib,methodology
como se clasifica el pib por componentes del gasto,methodology
que significa consumo inversion y exportaciones en el pib,methodology
como se construye el pib por actividad economica,methodology
que significa valor agregado en el contexto del pib,methodology
que es el pib regional y como se estima,methodology
como se calcula el pibr,methodology
que diferencia hay entre pib nacional y pib regional,methodology
que cobertura geografica tiene el pibr,methodology
como se interpretan las cifras del pibr por region,methodology
que significa contribucion regional al crecimiento,methodology
como se calcula la contribucion de una region al pibr,methodology
que metodologia se usa para el pibr,methodology
cada cuanto se actualiza el pib regional,methodology
por que el pibr puede revisarse,methodology
que es el imacec,methodology
cual es la definicion del imacec,methodology
que significa imacec,methodology
explica que es el imacec,methodology
para que sirve el imacec,methodology
que mide el imacec,methodology
descripcion del imacec,methodology
concepto de imacec,methodology
explicacion del imacec,methodology
que significa indice mensual de actividad economica,methodology
como se interpreta el imacec,methodology
que representa el imacec,methodology
para que se utiliza el imacec,methodology
que informacion entrega el imacec,methodology
que no captura el imacec,methodology
cual es el alcance del imacec,methodology
que limitaciones tiene el imacec,methodology
como se calcula el imacec,methodology
como se estima el imacec mensual,methodology
cual es la metodologia de calculo del imacec,methodology
que formula se usa para la variacion del imacec,methodology
como se obtiene el imacec desestacionalizado,methodology
como se ajusta por estacionalidad el imacec,methodology
como se calcula el imacec minero,methodology
como se calcula el imacec no minero,methodology
como se construye la serie del imacec,methodology
como se revisan las cifras del imacec,methodology
que diferencia hay entre pib e imacec,methodology
en que se diferencia el imacec del pib,methodology
por que el imacec es mensual y el pib trimestral,methodology
como se relaciona el imacec con el pib,methodology
se puede usar el imacec como proxy del pib,methodology
que tan comparable es el imacec con el pib,methodology
por que pueden diferir imacec y pib,methodology
como interpretar diferencias entre imacec y pib,methodology
que significa que una serie este desestacionalizada,methodology
que significa serie original en imacec,methodology
que diferencia hay entre sa y nsa,methodology
cuando conviene usar imacec desestacionalizado,methodology
cuando conviene usar imacec original,methodology
como interpretar variacion interanual vs en el margen,methodology
que significa crecimiento en el margen,methodology
que significa yoy en imacec,methodology
como leer una variacion negativa del imacec,methodology
que es el efecto calendario en el imacec,methodology
como afecta el numero de dias habiles al imacec,methodology
como impactan los feriados en la actividad economica,methodology
por que importa el efecto calendario en el analisis del imacec,methodology
como se corrige el efecto calendario,methodology
que diferencia hay entre efecto calendario y estacionalidad,methodology
como influye un ano bisiesto en el imacec,methodology
que sectores son mas sensibles al efecto calendario,methodology
por que comercio y servicios cambian con los dias habiles,methodology
como interpretar un imacec con menos dias habiles,methodology
por que se revisan cifras preliminares del imacec,methodology
cuando una cifra del imacec es preliminar o revisada,methodology
que puede hacer cambiar una cifra ya publicada del imacec,methodology
con que frecuencia se revisan las series del imacec,methodology
por que se actualizan las series del pib,methodology
que significa una revision metodologica,methodology
que pasa con las series historicas cuando cambia la metodologia,methodology
como se empalman series tras una actualizacion metodologica,methodology
que es el ano base del imacec,methodology
que es el ano de referencia del imacec,methodology
que ano base usa el pib actual,methodology
por que importa el ano base en las series economicas,methodology
que cambia cuando se actualiza el ano base,methodology
como se interpretan indices con distinto ano base,methodology
que son las ponderaciones en el imacec,methodology
como influyen los pesos sectoriales en el imacec,methodology
cuando se publica el imacec,methodology
que dia sale el imacec normalmente,methodology
con cuanto rezago se publica el imacec,methodology
donde ver el calendario de publicacion del imacec,methodology
donde revisar fechas de publicacion del imacec,methodology
cuando se publica el pib trimestral,methodology
con que rezago se publica el pib,methodology
donde ver el calendario del pib,methodology
como saber la proxima fecha de publicacion del imacec,methodology
donde encuentro las fechas oficiales de publicacion del banco central,methodology
donde puedo consultar el imacec,methodology
donde descargar la serie del imacec,methodology
donde encuentro el imacec desestacionalizado,methodology
donde ver las series del pib,methodology
donde descargar el pibr,methodology
cuales son las fuentes de informacion,methodology
dame sus fuentes de informacion,methodology
cuales son las fuentes de informacion del pib,methodology
dame las fuentes de informacion del imacec,methodology
cuales son las fuentes de informacion del imacec,methodology
dame sus fuentes de informacion del pib,methodology
que fuente oficial publica el pib,methodology
que fuente oficial publica el imacec,methodology
que fuente oficial publica el pib,methodology
donde estan los metadatos del imacec,methodology
donde esta la ficha metodologica del pib,methodology
donde veo la metodologia del imacec,methodology
que actividades incluye el desglose del imacec,methodology
como se desagrega el imacec por actividad economica,methodology
que sectores considera el imacec,methodology
cuantas actividades tiene el desglose del imacec,methodology
como se define cada actividad del imacec,methodology
ahora explicamelo,methodology
ahora explicame eso,methodology
explicame mejor lo anterior,methodology
quiero que me expliques lo anterior,methodology
quiero la definicion de lo anterior,methodology
dame la definicion de eso,methodology
cual es la definicion de eso que mencionaste,methodology
cuanto crecio el imacec en el ultimo periodo disponible,value
cuanto vario el imacec en el ultimo periodo disponible,value
cuanto fue la variacion del imacec en el ultimo periodo disponible,value
cual fue el crecimiento del imacec en el ultimo periodo disponible,value
cual fue el dato del imacec en el ultimo periodo disponible,value
dame el imacec del ultimo periodo disponible,value
cual es el ultimo dato disponible del imacec,value
dame el ultimo dato disponible del imacec,value
cuanto crecio la economia en el ultimo periodo disponible,value
cuanto vario la economia en el ultimo periodo disponible,value
cual fue la variacion de la economia en el ultimo periodo disponible,value
cual es el ultimo dato disponible del pib,value
dame el pib del ultimo periodo disponible,value
cuanto crecio el pib en el ultimo periodo disponible,value
cuanto vario el pib en el ultimo periodo disponible,value
cual fue el crecimiento del pib en el ultimo periodo disponible,value
cual fue el valor mas reciente del imacec,value
cual fue la cifra mas reciente del imacec,value
dame la cifra mas reciente del pib,value
cual fue la variacion mas reciente del pib,value
como se calcula el crecimiento del imacec en el periodo disponible,methodology
como se mide la variacion del imacec en el ultimo periodo,methodology
como se define el crecimiento del pib en el ultimo periodo,methodology
como interpretar la variacion del pib en el ultimo periodo,methodology
que significa variacion interanual en el ultimo periodo,methodology
como se calcula la variacion interanual del ultimo periodo,methodology
en cuanto crecieron las actividades economicas,value
cuanto crecieron las actividades economicas,value
cuanto variaron las actividades economicas,value
cual fue la variacion de las actividades economicas,value
cuanto crecieron las actividades en el ultimo periodo,value
cual fue el crecimiento de las actividades economicas en el ultimo periodo,value
dame la variacion de las actividades economicas en el ultimo periodo disponible,value
cuanto crecio la actividad economica en el ultimo periodo disponible,value
cual fue la variacion de la actividad economica en el ultimo periodo disponible,value
cuanto crecio el imacec desestacionalizado en el ultimo periodo,value
cuanto vario el imacec desestacionalizado en el ultimo periodo,value
cual fue el crecimiento del imacec desestacionalizado en el ultimo periodo,value
explica como se calcula la variacion de las actividades economicas,methodology
que significa el crecimiento de las actividades economicas,methodology
como interpretar la variacion de las actividades economicas,methodology
cuanto contribuyeron los sectores de la economia al pib,value
cuanto contribuyeron los sectores de la economia,value
cuanto incidio la mineria al crecimiento economico,value
cuanto incidio la mineria en el imacec,value
cuanto aporto el sector de servicios a la economia,value
cuanto aporto el comercio al crecimiento economico,value
cuanto aporto la industria al crecimiento economico,value
cuanto aporto la construccion al crecimiento economico,value
cual fue la contribucion de servicios al pib,value
cual fue la contribucion del comercio al pib,value
cual fue la contribucion de la mineria al pib,value
cual fue la incidencia de mineria en el imacec,value
cual fue la incidencia de servicios en el imacec,value
dame la contribucion sectorial al crecimiento economico,value
dame el aporte por sectores de la economia,value
cual sector aporto mas al crecimiento economico,value
que sector incidio mas en el imacec,value
como se calcula la contribucion de los sectores al pib,methodology
como se calcula la incidencia de mineria en el imacec,methodology
que significa aporte sectorial al crecimiento economico,methodology
como interpretar la contribucion de servicios al pib,methodology
cuanto crecio el imacec,value
cuanto vario el imacec,value
cual fue la variacion del imacec,value
cual fue el crecimiento del imacec,value
en cuanto crecio el imacec,value
en cuanto vario el imacec,value
de cuanto fue el crecimiento del imacec,value
de cuanto fue la variacion del imacec,value
cuanto crecio el imacec en chile,value
cuanto vario el imacec en chile,value
cuanto crecio la actividad economica,value
cuanto vario la actividad economica,value
en cuanto crecio la economia,value
de cuanto fue el crecimiento de la economia,value
de cuanto fue la variacion de la economia,value
cuanto crecio el indicador imacec,value
cuanto fue el crecimiento del imacec en el ultimo dato,value
cuanto fue la variacion del imacec en el ultimo dato,value
cuanto fue el crecimiento de la economia en el ultimo dato,value
cuanto vario el pib,value
cual fue la variacion del pib,value
cuanto contribuyeron los sectores en la economia,value
cuanto vario la economia,value
dame el valor del pib real del ultimo trimestre,value
cual fue la cifra del pib nominal en 2024,value
necesito la variacion interanual del pib del cuarto trimestre 2023,value
cuanto fue el crecimiento trimestral del pib real en 2022,value
muestrame el nivel del pib anual de 2019,value
quiero la cifra del pib por actividad para 2024,value
dame el aporte de servicios al pib en el ultimo trimestre,value
cual fue la contribucion de mineria al pib en 2023,value
dame el valor del pibr de la region de coquimbo,value
cual fue la variacion anual del pibr de maule,value
necesito el ultimo dato del imacec desestacionalizado,value
cual fue el imacec nsa de enero 2025,value
dame la variacion mensual del imacec sa de febrero 2024,value
muestrame la variacion interanual del imacec no minero,value
cual fue el valor del imacec minero en el ultimo mes,value
quiero el dato del imacec por sector servicios,value
dame la cifra del imacec para comercio en el ultimo dato,value
cual fue la variacion en el margen del imacec de industria,value
muestrame el crecimiento de la actividad economica en 2024,value
cual fue la cifra del crecimiento economico del ultimo trimestre,value
dame el dato de actividad economica del mes pasado,value
cual fue el resultado del pib en terminos reales,value
dame el ultimo valor del pib trimestral desestacionalizado,value
quiero la serie trimestral del pib real desde 2015,value
muestrame la serie mensual del imacec desde 2020,value
cual fue el valor del pib regional de atacama en 2022,value
dame la variacion interanual del pibr de tarapaca,value
cual fue la contribucion del consumo privado al pib,value
dame la contribucion de exportaciones al pib en 2024,value
muestrame el aporte de inversion al crecimiento del pib,value
cual fue la incidencia de servicios en el imacec mas reciente,value
dame la incidencia de mineria en el imacec del ultimo mes,value
cuanto fue la variacion del imacec en marzo 2025,value
cual fue la cifra del pib de chile en 2021,value
dame el dato mas reciente del pib por componentes del gasto,value
muestrame el valor del pib por sector comercio en 2023,value
cual fue el crecimiento anual del pib regional de nuble,value
dame el dato del pibr de magallanes en 2024,value
cual fue el ultimo dato de actividad economica no minera,value
muestrame el resultado del imacec ajustado estacionalmente,value
que significa pib real,methodology
que significa pib nominal,methodology
como se define la variacion trimestral del pib,methodology
como se calcula la variacion anual del pib,methodology
como se calcula la variacion mensual del imacec,methodology
como se interpreta una incidencia en el imacec,methodology
como se calcula la contribucion de un sector al pib,methodology
que metodologia usa el pibr por region,methodology
como se estima el pib regional,methodology
que diferencia hay entre nivel e indice en imacec,methodology
como leer el imacec desestacionalizado,methodology
como leer el imacec serie original,methodology
que significa crecimiento en el margen del imacec,methodology
cual es la formula de variacion en doce meses,methodology
como se construye el pib por componentes del gasto,methodology
que incluye el consumo en cuentas nacionales,methodology
que incluye la inversion en el pib,methodology
que son las exportaciones netas en el pib,methodology
como se calcula el valor agregado por actividad,methodology
que cobertura tiene el pibr,methodology
con que frecuencia se revisan las cifras del pib,methodology
por que se revisan los datos del imacec,methodology
que es una revision ordinaria de series,methodology
que es una revision metodologica de cuentas nacionales,methodology
como se empalman series del pib cuando cambia el ano base,methodology
por que cambia el ano base del imacec,methodology
que significa ponderacion sectorial,methodology
como se determinan los pesos por actividad,methodology
como afecta el efecto calendario al imacec,methodology
cual es la diferencia entre estacionalidad y calendario,methodology
como interpretar una tasa negativa de crecimiento,methodology
como se calcula la variacion t t menos 1,methodology
como se calcula la variacion a doce meses del imacec,methodology
como se calcula el aporte sectorial al crecimiento,methodology
que fuente oficial publica las series del pib,methodology
donde se encuentra la ficha tecnica del imacec,methodology
donde se ve la metadata del pibr,methodology
cuando se publica el imacec mensual,methodology
cual es el rezago de publicacion del imacec,methodology
como comparar pib e imacec correctamente,methodology
en que casos no conviene comparar imacec con pib,methodology
que limita el uso del imacec como proxy del pib,methodology
como se interpreta una serie encadenada,methodology
que es una serie a precios constantes,methodology
que es una serie a precios corrientes,methodology
como se calcula el deflactor implicito del pib,methodology
que significa la desagregacion por actividad economica,methodology
como se definen los sectores en el desglose del imacec,methodology
que diferencia hay entre contribucion e incidencia,methodology
dame mas detalles,other
puedes dar mas detalles,other
quiero mas detalles de eso,other
necesito mas informacion de eso,other
amplia lo anterior,other
amplia esa respuesta,other
podrias ampliar eso,other
podrias profundizar en eso,other
profundiza en lo anterior,other
continua con eso,other
continua con lo anterior,other
sigamos con eso,other
sigamos con lo anterior,other
sigue con ese tema,other
dame mas contexto de eso,other
dame mas contexto de lo anterior,other
cuentame mas de eso,other
cuentame mas sobre lo anterior,other
desarrolla un poco mas eso,other
desarrolla mejor lo anterior,other
puedes extender esa respuesta,other
quiero que lo extiendas,other
ok continua,other
ok sigamos,other
perfecto continua,other
entendido continua,other
dale continua,other
y despues,other
y luego,other
y sobre eso,other
y sobre lo anterior,other
y en ese caso,other
y para ese caso,other
y con eso,other
y con lo anterior,other
y lo mismo,other
y lo mismo para eso,other
me quedo una duda,other
tengo una duda de eso,other
aclara eso,other
aclara lo anterior,other
podrias aclarar eso,other
quiero aclarar eso,other
hazlo mas claro,other
explicalo mas claro,other
puedes ser mas claro con eso,other
precisa eso,other
precisa lo anterior,other
detalla eso,other
detalla lo anterior,other
quiero que detalles eso,other
ahonda en eso,other
ahonda en lo anterior,other
quiero profundizar en eso,other
quiero seguir con ese punto,other
quiero seguir con lo anterior,other
dame seguimiento de eso,other
sigamos con esa linea,other
vamos por ese punto,other
vamos con eso,other
dame otra mirada de eso,other
puedes reformular eso,other
reformula lo anterior,other
puedes repetir eso,other
repite lo anterior,other
resumelo,other
resumelo mejor,other
haz un resumen de eso,other
ahora continuemos,other
y ahora seguimos con eso,other
quiero continuar con eso,other
y sobre ese dato,other
y sobre ese tema,other
eso mismo,other
lo anterior,other
mas de eso,other
mas informacion,other
mas contexto,other
puedes darme su ultimo valor,value
puedes darme su ?ltimo valor,value
puedes darme su ultima cifra,value
puedes darme su ?ltima cifra,value
puedes darme su ultimo dato,value
puedes darme su ?ltimo dato,value
podrias darme su ultimo valor,value
podr?as darme su ?ltimo valor,value
me puedes dar su ultimo valor,value
me puedes dar su valor mas reciente,value
me puedes dar su valor m?s reciente,value
puedes darme su valor mas reciente,value
puedes darme su valor m?s reciente,value
puedes darme la ultima cifra de eso,value
puedes darme la ?ltima cifra de eso,value
puedes darme el ultimo valor de eso,value
puedes darme el ?ltimo valor de eso,value
puedes darme el ultimo dato de eso,value
puedes darme el ?ltimo dato de eso,value
puedes darme su lectura mas reciente,value
puedes darme su lectura m?s reciente,value
puedes darme detalles de su calculo,methodology
puedes darme detalles de su c?lculo,methodology
dame detalles de su calculo,methodology
dame detalles de su c?lculo,methodology
dame detalles del calculo de eso,methodology
dame detalles del c?lculo de eso,methodology
me puedes explicar su calculo,methodology
me puedes explicar su c?lculo,methodology
puedes explicar su metodologia de calculo,methodology
puedes explicar su metodolog?a de c?lculo,methodology
quiero entender su calculo,methodology
quiero entender su c?lculo,methodology
explica el calculo de lo anterior,methodology
explica el c?lculo de lo anterior,methodology
como se calcula eso exactamente,methodology
c?mo se calcula eso exactamente,methodology
cual es el metodo de calculo de eso,methodology
cu?l es el m?todo de c?lculo de eso,methodology
dame el detalle metodologico de eso,methodology
dame el detalle metodol?gico de eso,methodology
puedes profundizar en su metodologia,methodology
puedes profundizar en su metodolog?a,methodology
necesito mas detalle de su metodologia de calculo,methodology
necesito m?s detalle de su metodolog?a de c?lculo,methodology
detalle de como se calcula eso,methodology
detalle de c?mo se calcula eso,methodology
quiero mas detalles de su metodologia,methodology
quiero m?s detalles de su metodolog?a,methodology
podrias detallar su calculo,methodology
podr?as detallar su c?lculo,methodology
aclara su metodologia de calculo,methodology
aclara su metodolog?a de c?lculo,methodology
puedes dar mas detalles de la metodologia,methodology
puedes dar m?s detalles de la metodolog?a,methodology
desarrolla el calculo de eso,methodology
desarrolla el c?lculo de eso,methodology
muestrame la metodologia de calculo de lo anterior,methodology
mu?strame la metodolog?a de c?lculo de lo anterior,methodology
detalla la formula de calculo de eso,methodology
detalla la f?rmula de c?lculo de eso,methodology
que actividad impulso el crecimiento de la economia,value
que actividades impulsaron el crecimiento de la economia,value
que actividad explico el crecimiento de la economia,value
que actividades aportaron al crecimiento economico,value
que sector aporto al crecimiento de la economia,value
que sectores aportaron al crecimiento de la economia,value
que explico el aumento de la economia,value
que explico la expansion de la economia,value
que actividades lideraron el crecimiento economico,value
que sectores lideraron el crecimiento economico,value
que actividad fue la principal impulsora del crecimiento,value
cual fue el sector que mas incidio en el crecimiento,value
cual fue el principal motor de la economia,value
cual fue el motor del crecimiento economico,value
que sectores incidieron en el pib,value
que actividad aporto mas al pib,value
que sector aporto mas al pib,value
que actividad explico el crecimiento de marzo 2023,value
que actividades explicaron el crecimiento de marzo 2023,value
que sector impulso el crecimiento economico en marzo 2023,value
que sectores movieron la economia en marzo 2023,value
que actividad tuvo mayor incidencia en marzo 2023,value
que sector tuvo mayor incidencia en marzo 2023,value
que valor tuvo el imacec de bienes,value
cual fue la cifra mas reciente del imacec de mineria,value
dame el ultimo dato del imacec de industria,value
muestrame el resultado del imacec de resto de bienes,value
cuanto marco el imacec de comercio,value
quiero la lectura mas reciente del imacec de servicios,value
cual fue el dato del imacec no minero,value
dame la cifra de impuestos en el imacec,value
cuanto vario bienes en el imacec,value
cual fue la variacion interanual de mineria en el imacec,value
dame el crecimiento mensual de industria en el imacec,value
muestrame la variacion en el margen de resto de bienes,value
cuanto crecio comercio en el imacec del ultimo mes,value
cual fue el cambio anual de servicios en el imacec,value
dame el dato desestacionalizado del imacec no minero,value
quiero la serie original del imacec de bienes,value
cual fue el ultimo imacec de mineria con ajuste estacional,value
dame la cifra sin ajuste estacional de industria en el imacec,value
muestrame el imacec de comercio en marzo 2023,value
cual fue el imacec de servicios en enero 2024,value
dame el dato de bienes en el imacec de julio 2022,value
quiero la variacion interanual de mineria en noviembre 2023,value
cual fue el crecimiento mensual de industria en febrero 2024,value
muestrame el imacec de resto de bienes entre enero y junio 2023,value
dame la serie de comercio en el imacec desde 2020,value
cual fue el valor de servicios en el imacec durante 2024,value
quiero los datos de no mineria en el imacec entre 2022 y 2024,value
muestrame la cifra mas reciente de impuestos en el imacec,value
que actividad impulso el crecimiento del imacec en el ultimo mes,value
que actividades incidieron en el crecimiento del imacec,value
que sector explico el alza del imacec mas reciente,value
cual actividad tuvo mayor incidencia en el imacec de marzo 2023,value
que rubros empujaron el imacec en 2024,value
que actividad lidero el crecimiento del imacec no minero,value
que sector aporto mas al imacec del ultimo dato,value
cuanto incidio comercio en el imacec,value
cual fue la incidencia de servicios en el imacec del ultimo mes,value
dame el aporte de mineria al crecimiento del imacec,value
muestrame la contribucion de industria en el imacec,value
que actividades movieron el imacec en marzo 2024,value
cual fue el valor del pib agropecuario,value
dame la cifra mas reciente del pib de pesca,value
muestrame el ultimo dato del pib de industria,value
cuanto fue el pib de electricidad,value
quiero la lectura mas reciente del pib de construccion,value
cual fue la cifra del pib de comercio,value
dame el valor del pib de restaurantes,value
muestrame el dato del pib de transporte,value
cuanto registro el pib de comunicaciones,value
quiero la cifra del pib de servicios financieros,value
cual fue el valor del pib de servicios empresariales,value
dame el ultimo dato del pib de servicios de viviendas,value
muestrame la cifra del pib de servicios personales,value
cuanto fue el pib de administracion publica,value
quiero el dato de impuestos en el pib,value
cual fue el crecimiento del pib agropecuario,value
dame la variacion interanual del pib de pesca,value
muestrame el cambio trimestral de industria en el pib,value
cuanto crecio electricidad en el pib,value
cual fue la variacion anual de construccion en el pib,value
dame el crecimiento del pib de comercio en el ultimo trimestre,value
muestrame la variacion de restaurantes en el pib,value
cuanto aumento transporte en el pib,value
cual fue el cambio de comunicaciones en el pib,value
dame la variacion de servicios financieros en el pib,value
muestrame el crecimiento de servicios empresariales en el pib,value
cuanto crecio servicios de viviendas en el pib,value
cual fue la variacion de servicios personales en el pib,value
dame el dato de administracion publica en el pib del ultimo trimestre,value
muestrame la variacion de impuestos en el pib,value
cual fue el pib agropecuario en 2024,value
dame el pib de pesca en 2023,value
muestrame la cifra de industria en el pib de 2022,value
cuanto fue electricidad en el pib durante 2021,value
quiero el dato de construccion en el pib para 2024,value
cual fue el pib de comercio en el tercer trimestre de 2023,value
dame la cifra de restaurantes en el segundo trimestre de 2024,value
muestrame el dato de transporte en el cuarto trimestre de 2022,value
cuanto fue comunicaciones en el pib de 2024,value
quiero el valor de servicios financieros en el pib de 2023,value
cual fue la cifra de servicios empresariales en 2024,value
dame el dato de servicios de viviendas en el pib de 2022,value
muestrame el valor de servicios personales en 2024,value
cuanto fue administracion publica en el pib de 2023,value
quiero la cifra de impuestos en el pib de 2024,value
que actividad impulso el crecimiento del pib en el ultimo trimestre,value
que sectores explicaron el crecimiento del pib,value
cual sector lidero el alza del pib en 2024,value
que actividad aporto mas al pib en el trimestre mas reciente,value
que rubros incidieron en el crecimiento del pib de 2023,value
cual fue la principal actividad impulsora del pib,value
que sector movio mas el crecimiento economico en el pib,value
que actividad tuvo mayor contribucion al pib en 2024,value
muestrame que sectores empujaron el pib en el ultimo trimestre,value
dame la incidencia por actividad del pib mas reciente,value
cual fue el pib regional de valparaiso,value
dame el pibr de metropolitana,value
muestrame la cifra del pibr de antofagasta,value
cuanto fue el pib regional de biobio,value
quiero el dato del pibr de ohiggins,value
cual fue el valor del pibr de magallanes,value
dame la cifra del pib regional de los lagos,value
muestrame el dato del pibr de araucania,value
cuanto fue el pibr de nuble,value
quiero la lectura mas reciente del pibr de coquimbo,value
cual fue la variacion anual del pibr de tarapaca,value
dame el crecimiento del pibr de atacama,value
muestrame el cambio interanual del pibr de maule,value
cuanto vario el pibr de los rios,value
cual fue la variacion del pib regional de aysen,value
dame el crecimiento del pibr de arica y parinacota,value
muestrame la cifra del pibr de valparaiso en 2024,value
cuanto fue el pibr de metropolitana en 2023,value
quiero el dato del pib regional de antofagasta en 2022,value
cual fue el crecimiento del pibr de biobio en 2024,value
dame la variacion del pibr de magallanes en 2023,value
muestrame el dato del pib regional de los lagos entre 2021 y 2024,value
cuanto fue el pibr de araucania en el ultimo ano disponible,value
cual fue el crecimiento del pibr de nuble en el periodo mas reciente,value
dame el desglose regional del pib para 2024,value
cual fue el dato de demanda interna en el pib,value
dame la cifra de consumo en el ultimo trimestre,value
muestrame el valor de consumo de gobierno en el pib,value
cuanto fue la inversion en 2024,value
cual fue el dato de formacion bruta de capital fijo,value
dame la cifra de variacion de existencias,value
muestrame el valor de exportaciones en el pib,value
cuanto fueron las importaciones en el ultimo trimestre,value
cual fue el dato de ahorro externo,value
dame la cifra de ahorro interno,value
muestrame la variacion de demanda interna en 2024,value
cuanto crecio el consumo en el ultimo trimestre,value
cual fue la variacion interanual del consumo de gobierno,value
dame el crecimiento de la inversion en 2023,value
muestrame la variacion de inversion fija en 2024,value
cuanto cambiaron las existencias en el ultimo dato,value
cual fue el crecimiento de exportaciones en 2024,value
dame la variacion de importaciones en el ultimo trimestre,value
muestrame el dato de ahorro externo en 2023,value
cuanto fue el ahorro interno en 2024,value
que componente del gasto impulso el pib,value
que componente explico el crecimiento del pib en el ultimo trimestre,value
cual fue el aporte del consumo al crecimiento,value
dame la contribucion de la inversion al pib,value
muestrame la incidencia de exportaciones en el crecimiento economico,value
cuanto aporto demanda interna al pib,value
cual fue la contribucion de consumo de gobierno al crecimiento,value
dame el aporte de inversion fija al pib de 2024,value
muestrame la incidencia de importaciones en el ultimo trimestre,value
que componente lidero el crecimiento del pib en 2024,value
cual fue la cifra mas reciente del pib por actividad economica,value
dame el desglose del pib por componentes del gasto en 2024,value
muestrame el imacec por actividad del ultimo mes,value
quiero la variacion por sector del imacec en marzo 2023,value
cual fue el dato mas reciente del pib regional por region,value
dame las cifras de comercio en imacec y pib,value
muestrame el crecimiento de industria en imacec y en pib,value
quiero el ultimo dato de mineria en imacec y antofagasta en pibr,value
cual fue la contribucion de servicios al pib en 2024,value
dame la incidencia de comercio en el imacec del ultimo periodo disponible,value
muestrame el valor de inversion y exportaciones en el ultimo trimestre,value
como le fue a la economia chilena en el mes mas reciente,value
que paso con la economia chilena el ultimo mes,value
como estuvo la actividad economica de chile en el ultimo mes,value
como evoluciono la economia chilena en el mes mas reciente,value
como se comporto la economia chilena en el ultimo mes,value
como se acelero el imacec durante el tercer trimestre,value
cuanto se acelero el imacec en el tercer trimestre,value
que tan rapido avanzo el imacec en el tercer trimestre,value
cual fue la aceleracion del imacec en el tercer trimestre,value
como cambio el ritmo del imacec en el tercer trimestre,value
cual es el pib del trimestre actual,value
dame el pib del trimestre en curso,value
cuanto vale el pib del trimestre actual,value
cual fue el pib del trimestre en curso,value
entrega el dato del pib del trimestre actual,value
que contribuyo al pib en 2025,value
que explico el pib de 2025,value
que aporto al crecimiento del pib en 2025,value
cuales fueron los factores que incidieron en el pib de 2025,value
que sectores empujaron el pib en 2025,value
cuales fueron las contribuciones del pib,value
dame las contribuciones al pib,value
que aportes componen el crecimiento del pib,value
cuales fueron los aportes al crecimiento del pib,value
muestrame las incidencias del pib,value
a que se debio el crecimiento de la economia,value
que explico el crecimiento de la economia,value
que factores impulsaron el crecimiento economico,value
que sectores incidieron en el crecimiento de la economia,value
que estuvo detras del crecimiento de la economia,value
dame la variacion en el margen del sector comercial en aysen para mayo del 2021,value
cuanto vario en el margen el comercio en aysen en mayo de 2021,value
cual fue la variacion mensual del sector comercio en aysen en mayo de 2021,value
como cambio respecto del mes anterior el comercio en aysen en mayo de 2021,value
cual fue el cambio en el margen del comercio en aysen para mayo 2021,value
cual fue el ultimo imacec publicado,value
dame el imacec mas reciente,value
cuanto marco el imacec en enero de 2024,value
cual fue la variacion anual del imacec en marzo de 2023,value
como vario el imacec desestacionalizado en abril de 2022,value
cual fue la variacion mensual del imacec con ajuste estacional en junio de 2021,value
dame el crecimiento del imacec sin ajuste estacional en diciembre de 2020,value
cuanto crecio la mineria en el imacec en agosto de 2024,value
cual fue la variacion de la industria en el imacec en septiembre de 2023,value
como le fue al comercio en el imacec de julio de 2022,value
cuanto aportaron los servicios al imacec en octubre de 2021,value
cual fue el pib de chile en el segundo trimestre de 2024,value
dame la variacion trimestral del pib desestacionalizado en el primer trimestre de 2023,value
cuanto crecio el pib respecto al mismo trimestre del ano anterior en 2022 t4,value
cual fue la contribucion del consumo al pib en el tercer trimestre de 2021,value
que incidencia tuvo la inversion en el pib del cuarto trimestre de 2020,value
cuanto aportaron las exportaciones al crecimiento del pib en 2024,value
como vario la economia chilena en 2023,value
cual fue el crecimiento economico de chile en 2022,value
dame la variacion anual de la economia en 2021,value
como se comporto el sector construccion en la region de valparaiso en mayo de 2022,value
cuanto crecio el sector servicios en la region metropolitana en junio de 2023,value
cual fue la variacion del comercio en los lagos en noviembre de 2021,value
como evoluciono la industria en biobio en febrero de 2024,value
dame el cambio en el margen de la mineria en antofagasta en enero de 2020,value
